<?xml version="1.0" encoding="utf-8" standalone="no"?>
<manifest identifier="BF.FurlongeLearningCorp.elearningtask.57e68408-3af8-4e1b-9223-d5faeb5d84b3" version="1" xmlns:adlcp="http://www.adlnet.org/xsd/adlcp_rootv1p2" xmlns="http://www.imsproject.org/xsd/imscp_rootv1p1p2" xmlns:xsi="http://www.w3.org/2001/XMLSchema-instance" xsi:schemaLocation="http://www.imsproject.org/xsd/imscp_rootv1p1p2 imscp_rootv1p1p2.xsd http://www.imsglobal.org/xsd/imsmd_rootv1p2p1 imsmd_rootv1p2p1.xsd http://www.adlnet.org/xsd/adlcp_rootv1p2 adlcp_rootv1p2.xsd">
  <metadata>
    <schema>ADL SCORM</schema>
    <schemaversion>1.2</schemaversion>
    <adlcp:location>metadata.xml</adlcp:location>
  </metadata>
  <organizations default="Furlong_eLearning_Corp">
    <organization identifier="Furlong_eLearning_Corp">
      <title>elearning_task</title>
      <item identifier="item_BF.FurlongeLearningCorp.elearningtask.57e68408-3af8-4e1b-9223-d5faeb5d84b3" identifierref="resource_BF.FurlongeLearningCorp.elearningtask.57e68408-3af8-4e1b-9223-d5faeb5d84b3">
        <title>elearning_task</title>
        <adlcp:masteryscore>0</adlcp:masteryscore>
        <metadata>
          <schema>ADL SCORM</schema>
          <schemaversion>1.2</schemaversion>
          <adlcp:location>metadata.xml</adlcp:location>
        </metadata>
      </item>
      <metadata>
        <schema>ADL SCORM</schema>
        <schemaversion>1.2</schemaversion>
        <adlcp:location>metadata.xml</adlcp:location>
      </metadata>
    </organization>
  </organizations>
  <resources>
    <metadata>
      <schema>ADL SCORM</schema>
      <schemaversion>1.2</schemaversion>
      <adlcp:location>metadata.xml</adlcp:location>
    </metadata>
    <resource identifier="resource_BF.FurlongeLearningCorp.elearningtask.57e68408-3af8-4e1b-9223-d5faeb5d84b3" type="webcontent" href="index.html" adlcp:scormtype="sco">
      <metadata>
        <schema>ADL SCORM</schema>
        <schemaversion>1.2</schemaversion>
        <adlcp:location>metadata.xml</adlcp:location>
      </metadata>
      <file href="asset-manifest.json"/>
      <file href="favicon.ico"/>
      <file href="index.html"/>
      <file href="manifest.json"/>
      <file href="precache-manifest.999eec5b3f1527d1137722c5bc7b701f.js"/>
      <file href="service-worker.js"/>
      <file href="static/css/main.c35057a5.chunk.css"/>
      <file href="static/css/main.c35057a5.chunk.css.map"/>
      <file href="static/js/2.7e4f62d9.chunk.js"/>
      <file href="static/js/2.7e4f62d9.chunk.js.LICENSE.txt"/>
      <file href="static/js/2.7e4f62d9.chunk.js.map"/>
      <file href="static/js/main.1cfe5a40.chunk.js"/>
      <file href="static/js/main.1cfe5a40.chunk.js.map"/>
      <file href="static/js/runtime~main.34aaec62.js"/>
      <file href="static/js/runtime~main.34aaec62.js.map"/>
      <file href="static/media/app_scatch.a6ccb145.png"/>
      <file href="static/media/bindingdata.380a9874.png"/>
      <file href="static/media/curve.274996ce.png"/>
      <file href="static/media/epilsey.d60f8689.jpg"/>
      <file href="static/media/logo.f490cd68.png"/>
      <file href="static/media/outcomes.5ed82c35.png"/>
      <file href="static/media/scatch_graph.99404ec6.png"/>
      <file href="static/media/scath_plot.18e5ea95.png"/>
      <file href="static/media/table_1.64ce1b90.jpg"/>
      <file href="static/media/theory.92a19aed.png"/>
      <file href="static/media/units_curve.33a777b8.png"/>
    </resource>
  </resources>
</manifest>